CD,CL,Cm,CYb,Cnb,Clb,CLq,Cmq,CLad,Cmad,Clp,CYp,Cnp,Cnr,Clr
0.006856617647059,0.000000000000000,0.000000000000000,-0.001827,0.000228,-0.0002508,0.1047,-0.1954,0.02261,-0.06881,-0.007199,-0.0001978,-0.000241,-0.0002715,0.0008263
0.007726158257604,0.049815948214533,-0.013637268511236,-0.001827,0.000228,-0.0002508,0.1047,-0.1954,0.02261,-0.06881,-0.007199,-0.0001978,-0.000241,-0.0002715,0.0008263
0.010277039381801,0.097948063130452,-0.02663586941534,-0.001827,0.000228,-0.0002508,0.1047,-0.1954,0.02261,-0.06881,-0.007199,-0.0001978,-0.000241,-0.0002715,0.0008263
0.014424622972156,0.144406144061629,-0.039019252423017,-0.001827,0.000228,-0.0002508,0.1047,-0.1954,0.02261,-0.06881,-0.007199,-0.0001978,-0.000241,-0.0002715,0.0008263
0.020086851751381,0.189201162424085,-0.050810025040609,-0.001827,0.000228,-0.0002508,0.1047,-0.1954,0.02261,-0.06881,-0.007199,-0.0001978,-0.000241,-0.0002715,0.0008263
0.027184187432044,0.232345185830409,-0.062029982440171,-0.001827,0.000228,-0.0002508,0.1047,-0.1954,0.02261,-0.06881,-0.007199,-0.0001978,-0.000241,-0.0002715,0.0008263
0.03563954976199,0.2738513062026,-0.072700136431623,-0.001827,0.000228,-0.0002508,0.1047,-0.1954,0.02261,-0.06881,-0.007199,-0.0001978,-0.000241,-0.0002715,0.0008263
0.045378256482797,0.313733571651573,-0.082840743534177,-0.001827,0.000228,-0.0002508,0.1047,-0.1954,0.02261,-0.06881,-0.007199,-0.0001978,-0.000241,-0.0002715,0.0008263
0.056327964270329,0.352006921888788,-0.092471332149115,-0.001827,0.000228,-0.0002508,0.1047,-0.1954,0.02261,-0.06881,-0.007199,-0.0001978,-0.000241,-0.0002715,0.0008263
0.068418610710649,0.388687126951656,-0.101610728840184,-0.001827,0.000228,-0.0002508,0.1047,-0.1954,0.02261,-0.06881,-0.007199,-0.0001978,-0.000241,-0.0002715,0.0008263
0.08158235735086,0.423790729039655,-0.110277083731378,-0.001827,0.000228,-0.0002508,0.1047,-0.1954,0.02261,-0.06881,-0.007199,-0.0001978,-0.000241,-0.0002715,0.0008263
0.095753533852562,0.457334987272398,-0.118487895034833,-0.001827,0.000228,-0.0002508,0.1047,-0.1954,0.02261,-0.06881,-0.007199,-0.0001978,-0.000241,-0.0002715,0.0008263
0.110868583265467,0.4893378251944,-0.126260032723986,-0.001827,0.000228,-0.0002508,0.1047,-0.1954,0.02261,-0.06881,-0.007199,-0.0001978,-0.000241,-0.0002715,0.0008263
0.126866008430007,0.519817780863881,-0.133609761369181,-0.001827,0.000228,-0.0002508,0.1047,-0.1954,0.02261,-0.06881,-0.007199,-0.0001978,-0.000241,-0.0002715,0.0008263
0.14368631951037,0.548793959374763,-0.140552762154498,-0.001827,0.000228,-0.0002508,0.1047,-0.1954,0.02261,-0.06881,-0.007199,-0.0001978,-0.000241,-0.0002715,0.0008263
0.161271982653157,0.576285987672053,-0.147104154095867,-0.001827,0.000228,-0.0002508,0.1047,-0.1954,0.02261,-0.06881,-0.007199,-0.0001978,-0.000241,-0.0002715,0.0008263
0.179567369761674,0.602313971531135,-0.153278514481544,-0.001827,0.000228,-0.0002508,0.1047,-0.1954,0.02261,-0.06881,-0.007199,-0.0001978,-0.000241,-0.0002715,0.0008263
0.198518709371522,0.626898454581109,-0.159089898556719,-0.001827,0.000228,-0.0002508,0.1047,-0.1954,0.02261,-0.06881,-0.007199,-0.0001978,-0.000241,-0.0002715,0.0008263
0.218074038609675,0.650060379261257,-0.164551858474581,-0.001827,0.000228,-0.0002508,0.1047,-0.1954,0.02261,-0.06881,-0.007199,-0.0001978,-0.000241,-0.0002715,0.0008263
0.238183156216381,0.671821049608121,-0.169677461536471,-0.001827,0.000228,-0.0002508,0.1047,-0.1954,0.02261,-0.06881,-0.007199,-0.0001978,-0.000241,-0.0002715,0.0008263
0.258797576607067,0.692202095778366,-0.17447930774392,-0.001827,0.000228,-0.0002508,0.1047,-0.1954,0.02261,-0.06881,-0.007199,-0.0001978,-0.000241,-0.0002715,0.0008263
0.279870484949707,0.711225440219892,-0.178969546685397,-0.001827,0.000228,-0.0002508,0.1047,-0.1954,0.02261,-0.06881,-0.007199,-0.0001978,-0.000241,-0.0002715,0.0008263
0.30135669323196,0.728913265410295,-0.183159893780491,-0.001827,0.000228,-0.0002508,0.1047,-0.1954,0.02261,-0.06881,-0.007199,-0.0001978,-0.000241,-0.0002715,0.0008263
0.323212597291564,0.745287983087998,-0.187061645904071,-0.001827,0.000228,-0.0002508,0.1047,-0.1954,0.02261,-0.06881,-0.007199,-0.0001978,-0.000241,-0.0002715,0.0008263
0.345396134783028,0.760372204907162,-0.190685696412663,-0.001827,0.000228,-0.0002508,0.1047,-0.1954,0.02261,-0.06881,-0.007199,-0.0001978,-0.000241,-0.0002715,0.0008263
0.367866744053543,0.774188714452737,-0.194042549594958,-0.001827,0.000228,-0.0002508,0.1047,-0.1954,0.02261,-0.06881,-0.007199,-0.0001978,-0.000241,-0.0002715,0.0008263
0.390585323901133,0.786760440556982,-0.197142334567953,-0.001827,0.000228,-0.0002508,0.1047,-0.1954,0.02261,-0.06881,-0.007199,-0.0001978,-0.000241,-0.0002715,0.0008263
0.413514194188407,0.798110431863314,-0.199994818639745,-0.001827,0.000228,-0.0002508,0.1047,-0.1954,0.02261,-0.06881,-0.007199,-0.0001978,-0.000241,-0.0002715,0.0008263
0.436617057285822,0.808261832587496,-0.202609420159563,-0.001827,0.000228,-0.0002508,0.1047,-0.1954,0.02261,-0.06881,-0.007199,-0.0001978,-0.000241,-0.0002715,0.0008263
0.459858960319035,0.817237859430075,-0.204995220875034,-0.001827,0.000228,-0.0002508,0.1047,-0.1954,0.02261,-0.06881,-0.007199,-0.0001978,-0.000241,-0.0002715,0.0008263
0.483206258195733,0.825061779597475,-0.20716097781619,-0.001827,0.000228,-0.0002508,0.1047,-0.1954,0.02261,-0.06881,-0.007199,-0.0001978,-0.000241,-0.0002715,0.0008263
0.506626577388274,0.831756889892448,-0.209115134725133,-0.001827,0.000228,-0.0002508,0.1047,-0.1954,0.02261,-0.06881,-0.007199,-0.0001978,-0.000241,-0.0002715,0.0008263
0.530088780449465,0.837346496837519,-0.210865833049712,-0.001827,0.000228,-0.0002508,0.1047,-0.1954,0.02261,-0.06881,-0.007199,-0.0001978,-0.000241,-0.0002715,0.0008263
0.553562931239891,0.841853897797831,-0.212420922518993,-0.001827,0.000228,-0.0002508,0.1047,-0.1954,0.02261,-0.06881,-0.007199,-0.0001978,-0.000241,-0.0002715,0.0008263
0.577020260846328,0.845302363072261,-0.21378797131772,-0.001827,0.000228,-0.0002508,0.1047,-0.1954,0.02261,-0.06881,-0.007199,-0.0001978,-0.000241,-0.0002715,0.0008263
0.600433134171954,0.847715118923957,-0.214974275876383,-0.001827,0.000228,-0.0002508,0.1047,-0.1954,0.02261,-0.06881,-0.007199,-0.0001978,-0.000241,-0.0002715,0.0008263
0.623775017180253,0.849115331523501,-0.215986870292943,-0.001827,0.000228,-0.0002508,0.1047,-0.1954,0.02261,-0.06881,-0.007199,-0.0001978,-0.000241,-0.0002715,0.0008263
0.647020444775725,0.849526091779801,-0.216832535401685,-0.001827,0.000228,-0.0002508,0.1047,-0.1954,0.02261,-0.06881,-0.007199,-0.0001978,-0.000241,-0.0002715,0.0008263
0.670144989305714,0.848970401035468,-0.217517807504127,-0.001827,0.000228,-0.0002508,0.1047,-0.1954,0.02261,-0.06881,-0.007199,-0.0001978,-0.000241,-0.0002715,0.0008263
0.693125229668879,0.847471157605001,-0.218048986776339,-0.001827,0.000228,-0.0002508,0.1047,-0.1954,0.02261,-0.06881,-0.007199,-0.0001978,-0.000241,-0.0002715,0.0008263
0.71593872101705,0.845051144135446,-0.218432145366507,-0.001827,0.000228,-0.0002508,0.1047,-0.1954,0.02261,-0.06881,-0.007199,-0.0001978,-0.000241,-0.0002715,0.0008263
0.738563965038354,0.841733015770435,-0.218673135196045,-0.001827,0.000228,-0.0002508,0.1047,-0.1954,0.02261,-0.06881,-0.007199,-0.0001978,-0.000241,-0.0002715,0.0008263
0.760980380810683,0.837539289099607,-0.218777595477038,-0.001827,0.000228,-0.0002508,0.1047,-0.1954,0.02261,-0.06881,-0.007199,-0.0001978,-0.000241,-0.0002715,0.0008263
0.783168276215701,0.832492331876376,-0.218750959958305,-0.001827,0.000228,-0.0002508,0.1047,-0.1954,0.02261,-0.06881,-0.007199,-0.0001978,-0.000241,-0.0002715,0.0008263
0.805108819904684,0.826614353487852,-0.218598463911894,-0.001827,0.000228,-0.0002508,0.1047,-0.1954,0.02261,-0.06881,-0.007199,-0.0001978,-0.000241,-0.0002715,0.0008263
0.826784013808564,0.819927396161505,-0.218325150871331,-0.001827,0.000228,-0.0002508,0.1047,-0.1954,0.02261,-0.06881,-0.007199,-0.0001978,-0.000241,-0.0002715,0.0008263
0.848176666185546,0.812453326893759,-0.2179358791325,-0.001827,0.000228,-0.0002508,0.1047,-0.1954,0.02261,-0.06881,-0.007199,-0.0001978,-0.000241,-0.0002715,0.0008263
0.869270365200717,0.804213830086303,-0.217435328027613,-0.001827,0.000228,-0.0002508,0.1047,-0.1954,0.02261,-0.06881,-0.007199,-0.0001978,-0.000241,-0.0002715,0.0008263
0.890049453032957,0.795230400876339,-0.216828003982242,-0.001827,0.000228,-0.0002508,0.1047,-0.1954,0.02261,-0.06881,-0.007199,-0.0001978,-0.000241,-0.0002715,0.0008263
0.910499000505391,0.785524339147401,-0.216118246365062,-0.001827,0.000228,-0.0002508,0.1047,-0.1954,0.02261,-0.06881,-0.007199,-0.0001978,-0.000241,-0.0002715,0.0008263
0.930604782236514,0.775116744207701,-0.215310233139468,-0.001827,0.000228,-0.0002508,0.1047,-0.1954,0.02261,-0.06881,-0.007199,-0.0001978,-0.000241,-0.0002715,0.0008263
0.95035325230989,0.764028510123183,-0.214407986325925,-0.001827,0.000228,-0.0002508,0.1047,-0.1954,0.02261,-0.06881,-0.007199,-0.0001978,-0.000241,-0.0002715,0.0008263
0.969731520461133,0.752280321692688,-0.213415377283484,-0.001827,0.000228,-0.0002508,0.1047,-0.1954,0.02261,-0.06881,-0.007199,-0.0001978,-0.000241,-0.0002715,0.0008263
0.98872732878162,0.739892651052759,-0.212336131818595,-0.001827,0.000228,-0.0002508,0.1047,-0.1954,0.02261,-0.06881,-0.007199,-0.0001978,-0.000241,-0.0002715,0.0008263
1.00732902893903,0.726885754899685,-0.211173835128968,-0.001827,0.000228,-0.0002508,0.1047,-0.1954,0.02261,-0.06881,-0.007199,-0.0001978,-0.000241,-0.0002715,0.0008263
1.02552555991545,0.713279672316439,-0.209931936589938,-0.001827,0.000228,-0.0002508,0.1047,-0.1954,0.02261,-0.06881,-0.007199,-0.0001978,-0.000241,-0.0002715,0.0008263
1.04330642626449,0.699094223192163,-0.208613754390459,-0.001827,0.000228,-0.0002508,0.1047,-0.1954,0.02261,-0.06881,-0.007199,-0.0001978,-0.000241,-0.0002715,0.0008263
1.06066167688918,0.684349007221784,-0.207222480025573,-0.001827,0.000228,-0.0002508,0.1047,-0.1954,0.02261,-0.06881,-0.007199,-0.0001978,-0.000241,-0.0002715,0.0008263
1.07758188434309,0.669063403473292,-0.205761182651896,-0.001827,0.000228,-0.0002508,0.1047,-0.1954,0.02261,-0.06881,-0.007199,-0.0001978,-0.000241,-0.0002715,0.0008263
1.0940581246577,0.653256570510108,-0.204232813312403,-0.001827,0.000228,-0.0002508,0.1047,-0.1954,0.02261,-0.06881,-0.007199,-0.0001978,-0.000241,-0.0002715,0.0008263
1.11008195769899,0.6369474470558,-0.202640209036515,-0.001827,0.000228,-0.0002508,0.1047,-0.1954,0.02261,-0.06881,-0.007199,-0.0001978,-0.000241,-0.0002715,0.0008263
1.12564540805728,0.620154753188283,-0.200986096821277,-0.001827,0.000228,-0.0002508,0.1047,-0.1954,0.02261,-0.06881,-0.007199,-0.0001978,-0.000241,-0.0002715,0.0008263
1.140740946474,0.602896992050428,-0.199273097499122,-0.001827,0.000228,-0.0002508,0.1047,-0.1954,0.02261,-0.06881,-0.007199,-0.0001978,-0.000241,-0.0002715,0.0008263
1.15536147180985,0.585192452063831,-0.197503729497545,-0.001827,0.000228,-0.0002508,0.1047,-0.1954,0.02261,-0.06881,-0.007199,-0.0001978,-0.000241,-0.0002715,0.0008263
1.16950029355898,0.567059209632249,-0.195680412495749,-0.001827,0.000228,-0.0002508,0.1047,-0.1954,0.02261,-0.06881,-0.007199,-0.0001978,-0.000241,-0.0002715,0.0008263
1.18315111491366,0.548515132321,-0.193805470983143,-0.001827,0.000228,-0.0002508,0.1047,-0.1954,0.02261,-0.06881,-0.007199,-0.0001978,-0.000241,-0.0002715,0.0008263
1.19630801638474,0.529577882498378,-0.191881137724363,-0.001827,0.000228,-0.0002508,0.1047,-0.1954,0.02261,-0.06881,-0.007199,-0.0001978,-0.000241,-0.0002715,0.0008263
1.20896543998273,0.510264921424877,-0.1899095571353,-0.001827,0.000228,-0.0002508,0.1047,-0.1954,0.02261,-0.06881,-0.007199,-0.0001978,-0.000241,-0.0002715,0.0008263
1.22111817396479,0.490593513775777,-0.187892788574439,-0.001827,0.000228,-0.0002508,0.1047,-0.1954,0.02261,-0.06881,-0.007199,-0.0001978,-0.000241,-0.0002715,0.0008263
1.23276133815297,0.470580732582363,-0.185832809553639,-0.001827,0.000228,-0.0002508,0.1047,-0.1954,0.02261,-0.06881,-0.007199,-0.0001978,-0.000241,-0.0002715,0.0008263
1.24389036982884,0.450243464576802,-0.183731518872336,-0.001827,0.000228,-0.0002508,0.1047,-0.1954,0.02261,-0.06881,-0.007199,-0.0001978,-0.000241,-0.0002715,0.0008263
1.25450101021001,0.429598415925435,-0.181590739678964,-0.001827,0.000228,-0.0002508,0.1047,-0.1954,0.02261,-0.06881,-0.007199,-0.0001978,-0.000241,-0.0002715,0.0008263
1.26458929151374,0.408662118334962,-0.179412222463287,-0.001827,0.000228,-0.0002508,0.1047,-0.1954,0.02261,-0.06881,-0.007199,-0.0001978,-0.000241,-0.0002715,0.0008263
1.27415152461288,0.387450935515749,-0.177197647983146,-0.001827,0.000228,-0.0002508,0.1047,-0.1954,0.02261,-0.06881,-0.007199,-0.0001978,-0.000241,-0.0002715,0.0008263
1.28318428728941,0.365981069986235,-0.174948630129037,-0.001827,0.000228,-0.0002508,0.1047,-0.1954,0.02261,-0.06881,-0.007199,-0.0001978,-0.000241,-0.0002715,0.0008263
1.29168441309052,0.344268570202134,-0.172666718729785,-0.001827,0.000228,-0.0002508,0.1047,-0.1954,0.02261,-0.06881,-0.007199,-0.0001978,-0.000241,-0.0002715,0.0008263
1.29964898079227,0.322329337993912,-0.170353402302464,-0.001827,0.000228,-0.0002508,0.1047,-0.1954,0.02261,-0.06881,-0.007199,-0.0001978,-0.000241,-0.0002715,0.0008263
1.3070753044756,0.30017913629576,-0.168010110749605,-0.001827,0.000228,-0.0002508,0.1047,-0.1954,0.02261,-0.06881,-0.007199,-0.0001978,-0.000241,-0.0002715,0.0008263
1.31396092421919,0.277833597149051,-0.16563821800664,-0.001827,0.000228,-0.0002508,0.1047,-0.1954,0.02261,-0.06881,-0.007199,-0.0001978,-0.000241,-0.0002715,0.0008263
1.32030359741378,0.255308229963057,-0.163239044642397,-0.001827,0.000228,-0.0002508,0.1047,-0.1954,0.02261,-0.06881,-0.007199,-0.0001978,-0.000241,-0.0002715,0.0008263
1.32610129070194,0.232618430015493,-0.160813860415411,-0.001827,0.000228,-0.0002508,0.1047,-0.1954,0.02261,-0.06881,-0.007199,-0.0001978,-0.000241,-0.0002715,0.0008263
1.33135217254742,0.20977948717523,-0.158363886788692,-0.001827,0.000228,-0.0002508,0.1047,-0.1954,0.02261,-0.06881,-0.007199,-0.0001978,-0.000241,-0.0002715,0.0008263
1.33605460643766,0.186806594829371,-0.155890299405532,-0.001827,0.000228,-0.0002508,0.1047,-0.1954,0.02261,-0.06881,-0.007199,-0.0001978,-0.000241,-0.0002715,0.0008263
1.34020714472294,0.163714858996668,-0.153394230528843,-0.001827,0.000228,-0.0002508,0.1047,-0.1954,0.02261,-0.06881,-0.007199,-0.0001978,-0.000241,-0.0002715,0.0008263
1.34380852309536,0.140519307609132,-0.150876771446453,-0.001827,0.000228,-0.0002508,0.1047,-0.1954,0.02261,-0.06881,-0.007199,-0.0001978,-0.000241,-0.0002715,0.0008263
1.34685765571047,0.117234899943519,-0.148338974844725,-0.001827,0.000228,-0.0002508,0.1047,-0.1954,0.02261,-0.06881,-0.007199,-0.0001978,-0.000241,-0.0002715,0.0008263
1.34935363095407,0.093876536184244,-0.145781857152789,-0.001827,0.000228,-0.0002508,0.1047,-0.1954,0.02261,-0.06881,-0.007199,-0.0001978,-0.000241,-0.0002715,0.0008263
1.35129570785647,0.070459067099187,-0.143206400859632,-0.001827,0.000228,-0.0002508,0.1047,-0.1954,0.02261,-0.06881,-0.007199,-0.0001978,-0.000241,-0.0002715,0.0008263
1.35268331315609,0.046997303809711,-0.140613556806242,-0.001827,0.000228,-0.0002508,0.1047,-0.1954,0.02261,-0.06881,-0.007199,-0.0001978,-0.000241,-0.0002715,0.0008263
1.35351603901394,0.023506027636155,-0.138004246454942,-0.001827,0.000228,-0.0002508,0.1047,-0.1954,0.02261,-0.06881,-0.007199,-0.0001978,-0.000241,-0.0002715,0.0008263
1.35379364138022,0.000000000000000,-0.135379364138022,-0.001827,0.000228,-0.0002508,0.1047,-0.1954,0.02261,-0.06881,-0.007199,-0.0001978,-0.000241,-0.0002715,0.0008263
1.35351603901394,-0.023506027636155,-0.132739779287724,-0.001827,0.000228,-0.0002508,0.1047,-0.1954,0.02261,-0.06881,-0.007199,-0.0001978,-0.000241,-0.0002715,0.0008263
1.35268331315609,-0.046997303809712,-0.130086338649625,-0.001827,0.000228,-0.0002508,0.1047,-0.1954,0.02261,-0.06881,-0.007199,-0.0001978,-0.000241,-0.0002715,0.0008263
1.35129570785647,-0.070459067099188,-0.127419868481405,-0.001827,0.000228,-0.0002508,0.1047,-0.1954,0.02261,-0.06881,-0.007199,-0.0001978,-0.000241,-0.0002715,0.0008263
1.34935363095407,-0.093876536184244,-0.124741176738984,-0.001827,0.000228,-0.0002508,0.1047,-0.1954,0.02261,-0.06881,-0.007199,-0.0001978,-0.000241,-0.0002715,0.0008263
1.34685765571047,-0.117234899943519,-0.122051055251989,-0.001827,0.000228,-0.0002508,0.1047,-0.1954,0.02261,-0.06881,-0.007199,-0.0001978,-0.000241,-0.0002715,0.0008263
1.34380852309536,-0.140519307609133,-0.119350281890478,-0.001827,0.000228,-0.0002508,0.1047,-0.1954,0.02261,-0.06881,-0.007199,-0.0001978,-0.000241,-0.0002715,0.0008263
1.34020714472294,-0.163714858996668,-0.116639622724866,-0.001827,0.000228,-0.0002508,0.1047,-0.1954,0.02261,-0.06881,-0.007199,-0.0001978,-0.000241,-0.0002715,0.0008263
1.33605460643766,-0.186806594829371,-0.113919834180966,-0.001827,0.000228,-0.0002508,0.1047,-0.1954,0.02261,-0.06881,-0.007199,-0.0001978,-0.000241,-0.0002715,0.0008263
1.33135217254742,-0.20977948717523,-0.111191665192061,-0.001827,0.000228,-0.0002508,0.1047,-0.1954,0.02261,-0.06881,-0.007199,-0.0001978,-0.000241,-0.0002715,0.0008263
1.32610129070194,-0.232618430015493,-0.108455859349928,-0.001827,0.000228,-0.0002508,0.1047,-0.1954,0.02261,-0.06881,-0.007199,-0.0001978,-0.000241,-0.0002715,0.0008263
1.32030359741378,-0.255308229963058,-0.105713157056747,-0.001827,0.000228,-0.0002508,0.1047,-0.1954,0.02261,-0.06881,-0.007199,-0.0001978,-0.000241,-0.0002715,0.0008263
1.31396092421919,-0.277833597149051,-0.102964297679803,-0.001827,0.000228,-0.0002508,0.1047,-0.1954,0.02261,-0.06881,-0.007199,-0.0001978,-0.000241,-0.0002715,0.0008263
1.3070753044756,-0.300179136295761,-0.100210021710962,-0.001827,0.000228,-0.0002508,0.1047,-0.1954,0.02261,-0.06881,-0.007199,-0.0001978,-0.000241,-0.0002715,0.0008263
1.29964898079227,-0.322329337993912,-0.09745107293285,-0.001827,0.000228,-0.0002508,0.1047,-0.1954,0.02261,-0.06881,-0.007199,-0.0001978,-0.000241,-0.0002715,0.0008263
1.29168441309052,-0.344268570202134,-0.094688200593753,-0.001827,0.000228,-0.0002508,0.1047,-0.1954,0.02261,-0.06881,-0.007199,-0.0001978,-0.000241,-0.0002715,0.0008263
1.28318428728941,-0.365981069986235,-0.091922161593223,-0.001827,0.000228,-0.0002508,0.1047,-0.1954,0.02261,-0.06881,-0.007199,-0.0001978,-0.000241,-0.0002715,0.0008263
1.27415152461288,-0.387450935515749,-0.089153722680455,-0.001827,0.000228,-0.0002508,0.1047,-0.1954,0.02261,-0.06881,-0.007199,-0.0001978,-0.000241,-0.0002715,0.0008263
1.26458929151374,-0.408662118334962,-0.086383662667509,-0.001827,0.000228,-0.0002508,0.1047,-0.1954,0.02261,-0.06881,-0.007199,-0.0001978,-0.000241,-0.0002715,0.0008263
1.25450101021001,-0.429598415925435,-0.083612774659483,-0.001827,0.000228,-0.0002508,0.1047,-0.1954,0.02261,-0.06881,-0.007199,-0.0001978,-0.000241,-0.0002715,0.0008263
1.24389036982884,-0.450243464576802,-0.080841868303828,-0.001827,0.000228,-0.0002508,0.1047,-0.1954,0.02261,-0.06881,-0.007199,-0.0001978,-0.000241,-0.0002715,0.0008263
1.23276133815297,-0.470580732582363,-0.078071772060996,-0.001827,0.000228,-0.0002508,0.1047,-0.1954,0.02261,-0.06881,-0.007199,-0.0001978,-0.000241,-0.0002715,0.0008263
1.22111817396479,-0.490593513775777,-0.075303335498705,-0.001827,0.000228,-0.0002508,0.1047,-0.1954,0.02261,-0.06881,-0.007199,-0.0001978,-0.000241,-0.0002715,0.0008263
1.20896543998273,-0.510264921424878,-0.07253743161214,-0.001827,0.000228,-0.0002508,0.1047,-0.1954,0.02261,-0.06881,-0.007199,-0.0001978,-0.000241,-0.0002715,0.0008263
1.19630801638474,-0.529577882498378,-0.069774959172496,-0.001827,0.000228,-0.0002508,0.1047,-0.1954,0.02261,-0.06881,-0.007199,-0.0001978,-0.000241,-0.0002715,0.0008263
1.18315111491366,-0.548515132321,-0.06701684510632,-0.001827,0.000228,-0.0002508,0.1047,-0.1954,0.02261,-0.06881,-0.007199,-0.0001978,-0.000241,-0.0002715,0.0008263
1.16950029355898,-0.567059209632249,-0.064264046908198,-0.001827,0.000228,-0.0002508,0.1047,-0.1954,0.02261,-0.06881,-0.007199,-0.0001978,-0.000241,-0.0002715,0.0008263
1.15536147180985,-0.585192452063831,-0.061517555089399,-0.001827,0.000228,-0.0002508,0.1047,-0.1954,0.02261,-0.06881,-0.007199,-0.0001978,-0.000241,-0.0002715,0.0008263
1.140740946474,-0.602896992050428,-0.058778395665209,-0.001827,0.000228,-0.0002508,0.1047,-0.1954,0.02261,-0.06881,-0.007199,-0.0001978,-0.000241,-0.0002715,0.0008263
1.12564540805728,-0.620154753188283,-0.056047632683731,-0.001827,0.000228,-0.0002508,0.1047,-0.1954,0.02261,-0.06881,-0.007199,-0.0001978,-0.000241,-0.0002715,0.0008263
1.11008195769899,-0.636947447055801,-0.053326370799083,-0.001827,0.000228,-0.0002508,0.1047,-0.1954,0.02261,-0.06881,-0.007199,-0.0001978,-0.000241,-0.0002715,0.0008263
1.0940581246577,-0.653256570510109,-0.050615757891982,-0.001827,0.000228,-0.0002508,0.1047,-0.1954,0.02261,-0.06881,-0.007199,-0.0001978,-0.000241,-0.0002715,0.0008263
1.07758188434309,-0.669063403473295,-0.047916987740852,-0.001827,0.000228,-0.0002508,0.1047,-0.1954,0.02261,-0.06881,-0.007199,-0.0001978,-0.000241,-0.0002715,0.0008263
1.06066167688917,-0.68434900722179,-0.045231302746697,-0.001827,0.000228,-0.0002508,0.1047,-0.1954,0.02261,-0.06881,-0.007199,-0.0001978,-0.000241,-0.0002715,0.0008263
1.04330642626449,-0.699094223192181,-0.042559996715105,-0.001827,0.000228,-0.0002508,0.1047,-0.1954,0.02261,-0.06881,-0.007199,-0.0001978,-0.000241,-0.0002715,0.0008263
1.02552555991544,-0.713279672316479,-0.039904417698901,-0.001827,0.000228,-0.0002508,0.1047,-0.1954,0.02261,-0.06881,-0.007199,-0.0001978,-0.000241,-0.0002715,0.0008263
1.00732902893899,-0.726885754899776,-0.037265970905081,-0.001827,0.000228,-0.0002508,0.1047,-0.1954,0.02261,-0.06881,-0.007199,-0.0001978,-0.000241,-0.0002715,0.0008263
0.988727328781542,-0.739892651052974,-0.034646121669843,-0.001827,0.000228,-0.0002508,0.1047,-0.1954,0.02261,-0.06881,-0.007199,-0.0001978,-0.000241,-0.0002715,0.0008263
0.96973152046095,-0.752280321693186,-0.032046398505655,-0.001827,0.000228,-0.0002508,0.1047,-0.1954,0.02261,-0.06881,-0.007199,-0.0001978,-0.000241,-0.0002715,0.0008263
0.950353252309459,-0.764028510124341,-0.029468396224489,-0.001827,0.000228,-0.0002508,0.1047,-0.1954,0.02261,-0.06881,-0.007199,-0.0001978,-0.000241,-0.0002715,0.0008263
0.930604782235506,-0.775116744210396,-0.026913779141494,-0.001827,0.000228,-0.0002508,0.1047,-0.1954,0.02261,-0.06881,-0.007199,-0.0001978,-0.000241,-0.0002715,0.0008263
0.91049900050303,-0.785524339153662,-0.024384284363565,-0.001827,0.000228,-0.0002508,0.1047,-0.1954,0.02261,-0.06881,-0.007199,-0.0001978,-0.000241,-0.0002715,0.0008263
0.890049453027432,-0.795230400890883,-0.021881725167374,-0.001827,0.000228,-0.0002508,0.1047,-0.1954,0.02261,-0.06881,-0.007199,-0.0001978,-0.000241,-0.0002715,0.0008263
0.869270365187796,-0.804213830120067,-0.019407994471521,-0.001827,0.000228,-0.0002508,0.1047,-0.1954,0.02261,-0.06881,-0.007199,-0.0001978,-0.000241,-0.0002715,0.0008263
0.848176666155349,-0.812453326972083,-0.016965068407342,-0.001827,0.000228,-0.0002508,0.1047,-0.1954,0.02261,-0.06881,-0.007199,-0.0001978,-0.000241,-0.0002715,0.0008263
0.826784013738058,-0.819927396343062,-0.014555009992399,-0.001827,0.000228,-0.0002508,0.1047,-0.1954,0.02261,-0.06881,-0.007199,-0.0001978,-0.000241,-0.0002715,0.0008263
0.805108819740199,-0.826614353908371,-0.012179972909183,-0.001827,0.000228,-0.0002508,0.1047,-0.1954,0.02261,-0.06881,-0.007199,-0.0001978,-0.000241,-0.0002715,0.0008263
0.783168275832313,-0.832492332849567,-0.00984220538778,-0.001827,0.000228,-0.0002508,0.1047,-0.1954,0.02261,-0.06881,-0.007199,-0.0001978,-0.000241,-0.0002715,0.0008263
0.760980379917912,-0.837539291349868,-0.007544054182158,-0.001827,0.000228,-0.0002508,0.1047,-0.1954,0.02261,-0.06881,-0.007199,-0.0001978,-0.000241,-0.0002715,0.0008263
0.738563962961453,-0.841733020968848,-0.005287968608355,-0.001827,0.000228,-0.0002508,0.1047,-0.1954,0.02261,-0.06881,-0.007199,-0.0001978,-0.000241,-0.0002715,0.0008263
0.715938716190398,-0.84505115613297,-0.003076504562852,-0.001827,0.000228,-0.0002508,0.1047,-0.1954,0.02261,-0.06881,-0.007199,-0.0001978,-0.000241,-0.0002715,0.0008263
0.693125218463943,-0.847471185266328,-0.000912328323448,-0.001827,0.000228,-0.0002508,0.1047,-0.1954,0.02261,-0.06881,-0.007199,-0.0001978,-0.000241,-0.0002715,0.0008263
0.670144963323047,-0.848970464743003,0.001201780333774,-0.001827,0.000228,-0.0002508,0.1047,-0.1954,0.02261,-0.06881,-0.007199,-0.0001978,-0.000241,-0.0002715,0.0008263
0.647020384596727,-0.849526238340909,0.003262926788898,-0.001827,0.000228,-0.0002508,0.1047,-0.1954,0.02261,-0.06881,-0.007199,-0.0001978,-0.000241,-0.0002715,0.0008263
0.623774877971324,-0.849115668289341,0.005268104525231,-0.001827,0.000228,-0.0002508,0.1047,-0.1954,0.02261,-0.06881,-0.007199,-0.0001978,-0.000241,-0.0002715,0.0008263
0.600432812567497,-0.84771589175952,0.007214208194476,-0.001827,0.000228,-0.0002508,0.1047,-0.1954,0.02261,-0.06881,-0.007199,-0.0001978,-0.000241,-0.0002715,0.0008263
0.577019518888172,-0.845304134245888,0.009098070230651,-0.001827,0.000228,-0.0002508,0.1047,-0.1954,0.02261,-0.06881,-0.007199,-0.0001978,-0.000241,-0.0002715,0.0008263
0.553561221988121,-0.841857951124539,0.01091655192061,-0.001827,0.000228,-0.0002508,0.1047,-0.1954,0.02261,-0.06881,-0.007199,-0.0001978,-0.000241,-0.0002715,0.0008263
0.530084848882511,-0.837355758641149,0.012666759938509,-0.001827,0.000228,-0.0002508,0.1047,-0.1954,0.02261,-0.06881,-0.007199,-0.0001978,-0.000241,-0.0002715,0.0008263
0.506617548833412,-0.831778018197526,0.01434655119201,-0.001827,0.000228,-0.0002508,0.1047,-0.1954,0.02261,-0.06881,-0.007199,-0.0001978,-0.000241,-0.0002715,0.0008263
0.483185560662414,-0.825109892718598,0.015955698746927,-0.001827,0.000228,-0.0002508,0.1047,-0.1954,0.02261,-0.06881,-0.007199,-0.0001978,-0.000241,-0.0002715,0.0008263
0.459811600058962,-0.817347211480498,0.017498570235758,-0.001827,0.000228,-0.0002508,0.1047,-0.1954,0.02261,-0.06881,-0.007199,-0.0001978,-0.000241,-0.0002715,0.0008263
0.436508904104878,-0.808509845249395,0.018990257946753,-0.001827,0.000228,-0.0002508,0.1047,-0.1954,0.02261,-0.06881,-0.007199,-0.0001978,-0.000241,-0.0002715,0.0008263
0.413267758184318,-0.798671602416955,0.020470559564246,-0.001827,0.000228,-0.0002508,0.1047,-0.1954,0.02261,-0.06881,-0.007199,-0.0001978,-0.000241,-0.0002715,0.0008263
0.390025223078394,-0.788026702322939,0.022035720268549,-0.001827,0.000228,-0.0002508,0.1047,-0.1954,0.02261,-0.06881,-0.007199,-0.0001978,-0.000241,-0.0002715,0.0008263
0.366597732562488,-0.777036254167427,0.023909965561159,-0.001827,0.000228,-0.0002508,0.1047,-0.1954,0.02261,-0.06881,-0.007199,-0.0001978,-0.000241,-0.0002715,0.0008263
0.342533463158099,-0.766745520772424,0.026604348716994,-0.001827,0.000228,-0.0002508,0.1047,-0.1954,0.02261,-0.06881,-0.007199,-0.0001978,-0.000241,-0.0002715,0.0008263
0.316800135026991,-0.759446038601823,0.031258141868404,-0.001827,0.000228,-0.0002508,0.1047,-0.1954,0.02261,-0.06881,-0.007199,-0.0001978,-0.000241,-0.0002715,0.0008263
0.287178359916461,-0.75993911566749,0.04031641907089,-0.001827,0.000228,-0.0002508,0.1047,-0.1954,0.02261,-0.06881,-0.007199,-0.0001978,-0.000241,-0.0002715,0.0008263
0.249334095515103,-0.777400367271687,0.058606466004904,-0.001827,0.000228,-0.0002508,0.1047,-0.1954,0.02261,-0.06881,-0.007199,-0.0001978,-0.000241,-0.0002715,0.0008263
0.196466672840328,-0.825835228105711,0.093894512330274,-0.001827,0.000228,-0.0002508,0.1047,-0.1954,0.02261,-0.06881,-0.007199,-0.0001978,-0.000241,-0.0002715,0.0008263
0.123243793083307,-0.915288888341229,0.152830103406672,-0.001827,0.000228,-0.0002508,0.1047,-0.1954,0.02261,-0.06881,-0.007199,-0.0001978,-0.000241,-0.0002715,0.0008263
0.037474519304841,-1.02737700335611,0.227963145068956,-0.001827,0.000228,-0.0002508,0.1047,-0.1954,0.02261,-0.06881,-0.007199,-0.0001978,-0.000241,-0.0002715,0.0008263
-0.036297103584726,-1.10968558856678,0.292591987940503,-0.001827,0.000228,-0.0002508,0.1047,-0.1954,0.02261,-0.06881,-0.007199,-0.0001978,-0.000241,-0.0002715,0.0008263
-0.080324635010619,-1.12659669411308,0.326039356521201,-0.001827,0.000228,-0.0002508,0.1047,-0.1954,0.02261,-0.06881,-0.007199,-0.0001978,-0.000241,-0.0002715,0.0008263
-0.098066775284197,-1.08755168663191,0.330835223969344,-0.001827,0.000228,-0.0002508,0.1047,-0.1954,0.02261,-0.06881,-0.007199,-0.0001978,-0.000241,-0.0002715,0.0008263
-0.100819332453889,-1.01728616222112,0.318897035270371,-0.001827,0.000228,-0.0002508,0.1047,-0.1954,0.02261,-0.06881,-0.007199,-0.0001978,-0.000241,-0.0002715,0.0008263
-0.096711343738877,-0.933021750494121,0.299142662724109,-0.001827,0.000228,-0.0002508,0.1047,-0.1954,0.02261,-0.06881,-0.007199,-0.0001978,-0.000241,-0.0002715,0.0008263
-0.089777835180586,-0.843119777156292,0.276104904129252,-0.001827,0.000228,-0.0002508,0.1047,-0.1954,0.02261,-0.06881,-0.007199,-0.0001978,-0.000241,-0.0002715,0.0008263
-0.081737693158528,-0.751067460775973,0.25175472924035,-0.001827,0.000228,-0.0002508,0.1047,-0.1954,0.02261,-0.06881,-0.007199,-0.0001978,-0.000241,-0.0002715,0.0008263
-0.073275242731111,-0.658220921364351,0.226892844279352,-0.001827,0.000228,-0.0002508,0.1047,-0.1954,0.02261,-0.06881,-0.007199,-0.0001978,-0.000241,-0.0002715,0.0008263
-0.064654223044734,-0.565088383201922,0.201834377049429,-0.001827,0.000228,-0.0002508,0.1047,-0.1954,0.02261,-0.06881,-0.007199,-0.0001978,-0.000241,-0.0002715,0.0008263
-0.055974430972406,-0.471855559870146,0.176701245330241,-0.001827,0.000228,-0.0002508,0.1047,-0.1954,0.02261,-0.06881,-0.007199,-0.0001978,-0.000241,-0.0002715,0.0008263
-0.047273132246372,-0.378588741646433,0.151540067488709,-0.001827,0.000228,-0.0002508,0.1047,-0.1954,0.02261,-0.06881,-0.007199,-0.0001978,-0.000241,-0.0002715,0.0008263
-0.038564075034238,-0.285310949974284,0.126368485057826,-0.001827,0.000228,-0.0002508,0.1047,-0.1954,0.02261,-0.06881,-0.007199,-0.0001978,-0.000241,-0.0002715,0.0008263
-0.029852266169367,-0.192029888882586,0.101193100704348,-0.001827,0.000228,-0.0002508,0.1047,-0.1954,0.02261,-0.06881,-0.007199,-0.0001978,-0.000241,-0.0002715,0.0008263
-0.021139501863553,-0.098747996649456,0.076016353734511,-0.001827,0.000228,-0.0002508,0.1047,-0.1954,0.02261,-0.06881,-0.007199,-0.0001978,-0.000241,-0.0002715,0.0008263
-0.012426414822863,-0.005465974831336,0.050839130925122,-0.001827,0.000228,-0.0002508,0.1047,-0.1954,0.02261,-0.06881,-0.007199,-0.0001978,-0.000241,-0.0002715,0.0008263
-0.003713222849807,0.087816011233804,0.025661748094248,-0.001827,0.000228,-0.0002508,0.1047,-0.1954,0.02261,-0.06881,-0.007199,-0.0001978,-0.000241,-0.0002715,0.0008263
0.022,0.163,-0.0079,-0.001827,0.000228,-0.0002508,0.1047,-0.1954,0.02261,-0.06881,-0.007199,-0.0001978,-0.000241,-0.0002715,0.0008263
0.024,0.256,-0.0305,-0.001827,0.000228,-0.0002761,0.1047,-0.1954,0.02266,-0.06898,-0.00736,-0.000274,-0.0003583,-0.0002811,0.001205
0.026,0.35,-0.0532,-0.001827,0.000228,-0.000302,0.1047,-0.1954,0.02278,-0.06933,-0.007515,-0.0003516,-0.0004764,-0.0002945,0.001592
0.03,0.447,-0.076,-0.001827,0.000228,-0.0003285,0.1047,-0.1954,0.0229,-0.06969,-0.007656,-0.0004306,-0.0005956,-0.0003116,0.001987
0.035,0.545,-0.099,-0.001827,0.000228,-0.0003556,0.1047,-0.1954,0.02294,-0.06983,-0.007782,-0.000511,-0.0007159,-0.0003328,0.002388
0.041,0.644,-0.1225,-0.001827,0.000228,-0.0003832,0.1047,-0.1954,0.02294,-0.06983,-0.007892,-0.0005925,-0.0008374,-0.0003581,0.002795
0.048,0.745,-0.1465,-0.001827,0.000228,-0.0004112,0.1047,-0.1954,0.02293,-0.0698,-0.007987,-0.0006751,-0.0009602,-0.0003877,0.003207
0.056,0.847,-0.1706,-0.001827,0.000228,-0.0004396,0.1047,-0.1954,0.02286,-0.06958,-0.008065,-0.0007587,-0.001084,-0.0004215,0.003623
0.065,0.949,-0.1954,-0.001827,0.000228,-0.0004682,0.1047,-0.1954,0.02276,-0.06928,-0.008127,-0.0008431,-0.00121,-0.0004597,0.004043
0.076,1.052,-0.2202,-0.001827,0.000228,-0.0004971,0.1047,-0.1954,0.02244,-0.06829,-0.008173,-0.0009284,-0.001337,-0.0005023,0.004464
0.087,1.155,-0.2457,-0.001827,0.000228,-0.0005261,0.1047,-0.1954,0.02173,-0.06613,-0.00786,-0.00102,-0.001491,-0.0005491,0.004886
0.099,1.251,-0.2715,-0.001827,0.000228,-0.0005524,0.1047,-0.1954,0.02033,-0.06187,-0.006973,-0.001113,-0.00168,-0.0005956,0.005273
0.11,1.333,-0.2983,-0.001827,0.000228,-0.0005744,0.1047,-0.1954,0.01825,-0.05553,-0.006161,-0.001196,-0.001853,-0.0006376,0.0056
0.122,1.41,-0.3264,-0.001827,0.000228,-0.0005942,0.1047,-0.1954,0.0169,-0.05143,-0.005616,-0.00127,-0.002003,-0.0006782,0.005899
0.133,1.48,-0.3548,-0.001827,0.000228,-0.0006111,0.1047,-0.1954,0.01602,-0.04877,-0.005006,-0.00134,-0.002151,-0.0007162,0.006167
0.143,1.542,-0.3839,-0.001827,0.000228,-0.0006252,0.1047,-0.1954,0.01478,-0.045,-0.004337,-0.001405,-0.002297,-0.0007506,0.006401
0.153,1.596,-0.4135,-0.001827,0.000228,-0.0006363,0.1047,-0.1954,0.01418,-0.04317,-0.003637,-0.001453,-0.002409,-0.0007803,0.006598
0.15705532204557,1.59379033076163,-0.373897483694946,-0.001827,0.000228,-0.0006363,0.1047,-0.1954,0.01418,-0.04317,-0.003637,-0.001453,-0.002409,-0.0007803,0.006598
0.172647976558689,1.4967257951824,-0.340235082551825,-0.001827,0.000228,-0.0006363,0.1047,-0.1954,0.01418,-0.04317,-0.003637,-0.001453,-0.002409,-0.0007803,0.006598
0.194312754598955,1.30175690531689,-0.276653428351401,-0.001827,0.000228,-0.0006363,0.1047,-0.1954,0.01418,-0.04317,-0.003637,-0.001453,-0.002409,-0.0007803,0.006598
0.22081987998183,1.07700848564716,-0.204529109214005,-0.001827,0.000228,-0.0006363,0.1047,-0.1954,0.01418,-0.04317,-0.003637,-0.001453,-0.002409,-0.0007803,0.006598
0.248271138284759,0.907401395378674,-0.150167683035386,-0.001827,0.000228,-0.0006363,0.1047,-0.1954,0.01418,-0.04317,-0.003637,-0.001453,-0.002409,-0.0007803,0.006598
0.274215181583444,0.814710164902021,-0.120136980628298,-0.001827,0.000228,-0.0006363,0.1047,-0.1954,0.01418,-0.04317,-0.003637,-0.001453,-0.002409,-0.0007803,0.006598
0.298518501848806,0.776170989710453,-0.107261183234173,-0.001827,0.000228,-0.0006363,0.1047,-0.1954,0.01418,-0.04317,-0.003637,-0.001453,-0.002409,-0.0007803,0.006598
0.321840637938407,0.766347147626764,-0.103623918949702,-0.001827,0.000228,-0.0006363,0.1047,-0.1954,0.01418,-0.04317,-0.003637,-0.001453,-0.002409,-0.0007803,0.006598
0.344747348326406,0.769650323901074,-0.104397696856286,-0.001827,0.000228,-0.0006363,0.1047,-0.1954,0.01418,-0.04317,-0.003637,-0.001453,-0.002409,-0.0007803,0.006598
0.367564297025113,0.778253739308326,-0.107165811303535,-0.001827,0.000228,-0.0006363,0.1047,-0.1954,0.01418,-0.04317,-0.003637,-0.001453,-0.002409,-0.0007803,0.006598
0.390445787012096,0.7885360701763,-0.110810770762814,-0.001827,0.000228,-0.0006363,0.1047,-0.1954,0.01418,-0.04317,-0.003637,-0.001453,-0.002409,-0.0007803,0.006598
0.413450342620773,0.798884550064065,-0.114832677133481,-0.001827,0.000228,-0.0006363,0.1047,-0.1954,0.01418,-0.04317,-0.003637,-0.001453,-0.002409,-0.0007803,0.006598
0.436588038031056,0.808598842693978,-0.119010876894637,-0.001827,0.000228,-0.0006363,0.1047,-0.1954,0.01418,-0.04317,-0.003637,-0.001453,-0.002409,-0.0007803,0.006598
0.459845849244971,0.817384401389089,-0.123248320285567,-0.001827,0.000228,-0.0006363,0.1047,-0.1954,0.01418,-0.04317,-0.003637,-0.001453,-0.002409,-0.0007803,0.006598
0.4832003652807,0.825125432639866,-0.127502157253102,-0.001827,0.000228,-0.0006363,0.1047,-0.1954,0.01418,-0.04317,-0.003637,-0.001453,-0.002409,-0.0007803,0.006598
0.506623941048524,0.831784511453777,-0.131753208770314,-0.001827,0.000228,-0.0006363,0.1047,-0.1954,0.01418,-0.04317,-0.003637,-0.001453,-0.002409,-0.0007803,0.006598
0.53008760596161,0.837358471780512,-0.135992625709589,-0.001827,0.000228,-0.0006363,0.1047,-0.1954,0.01418,-0.04317,-0.003637,-0.001453,-0.002409,-0.0007803,0.006598
0.55356241000061,0.841859084776962,-0.140216078799998,-0.001827,0.000228,-0.0006363,0.1047,-0.1954,0.01418,-0.04317,-0.003637,-0.001453,-0.002409,-0.0007803,0.006598
0.577020030326267,0.84530460792803,-0.144421233214887,-0.001827,0.000228,-0.0006363,0.1047,-0.1954,0.01418,-0.04317,-0.003637,-0.001453,-0.002409,-0.0007803,0.006598
0.60043303255043,0.847716089681395,-0.148606651761395,-0.001827,0.000228,-0.0006363,0.1047,-0.1954,0.01418,-0.04317,-0.003637,-0.001453,-0.002409,-0.0007803,0.006598
0.623774972514481,0.849115750988379,-0.15277131823158,-0.001827,0.000228,-0.0006363,0.1047,-0.1954,0.01418,-0.04317,-0.003637,-0.001453,-0.002409,-0.0007803,0.006598
0.647020425197652,0.849526272895604,-0.15691442957786,-0.001827,0.000228,-0.0006363,0.1047,-0.1954,0.01418,-0.04317,-0.003637,-0.001453,-0.002409,-0.0007803,0.006598
0.670144980746105,0.848970479181223,-0.16103530448888,-0.001827,0.000228,-0.0006363,0.1047,-0.1954,0.01418,-0.04317,-0.003637,-0.001453,-0.002409,-0.0007803,0.006598
0.693125225935515,0.847471191299146,-0.165133342332519,-0.001827,0.000228,-0.0006363,0.1047,-0.1954,0.01418,-0.04317,-0.003637,-0.001453,-0.002409,-0.0007803,0.006598
0.715938719392344,0.845051158653703,-0.169208003894084,-0.001827,0.000228,-0.0006363,0.1047,-0.1954,0.01418,-0.04317,-0.003637,-0.001453,-0.002409,-0.0007803,0.006598
0.73856396433279,0.841733022022103,-0.173258801559859,-0.001827,0.000228,-0.0006363,0.1047,-0.1954,0.01418,-0.04317,-0.003637,-0.001453,-0.002409,-0.0007803,0.006598
0.760980380504883,0.837539291789956,-0.177285293612235,-0.001827,0.000228,-0.0006363,0.1047,-0.1954,0.01418,-0.04317,-0.003637,-0.001453,-0.002409,-0.0007803,0.006598
0.783168276083411,0.832492333033452,-0.181287080333808,-0.001827,0.000228,-0.0006363,0.1047,-0.1954,0.01418,-0.04317,-0.003637,-0.001453,-0.002409,-0.0007803,0.006598
0.805108819847557,0.826614353985205,-0.185263800925991,-0.001827,0.000228,-0.0006363,0.1047,-0.1954,0.01418,-0.04317,-0.003637,-0.001453,-0.002409,-0.0007803,0.006598
0.826784013783935,0.819927396375166,-0.189215130811811,-0.001827,0.000228,-0.0006363,0.1047,-0.1954,0.01418,-0.04317,-0.003637,-0.001453,-0.002409,-0.0007803,0.006598
0.848176666174945,0.812453326985497,-0.193140779135631,-0.001827,0.000228,-0.0006363,0.1047,-0.1954,0.01418,-0.04317,-0.003637,-0.001453,-0.002409,-0.0007803,0.006598
0.869270365196162,0.804213830125672,-0.197040486377255,-0.001827,0.000228,-0.0006363,0.1047,-0.1954,0.01418,-0.04317,-0.003637,-0.001453,-0.002409,-0.0007803,0.006598
0.890049453031002,0.795230400893225,-0.200914022042997,-0.001827,0.000228,-0.0006363,0.1047,-0.1954,0.01418,-0.04317,-0.003637,-0.001453,-0.002409,-0.0007803,0.006598
0.910499000504553,0.785524339154641,-0.204761182415763,-0.001827,0.000228,-0.0006363,0.1047,-0.1954,0.01418,-0.04317,-0.003637,-0.001453,-0.002409,-0.0007803,0.006598
0.930604782236156,0.775116744210805,-0.208581788354661,-0.001827,0.000228,-0.0006363,0.1047,-0.1954,0.01418,-0.04317,-0.003637,-0.001453,-0.002409,-0.0007803,0.006598
0.950353252309736,0.764028510124512,-0.212375683138343,-0.001827,0.000228,-0.0006363,0.1047,-0.1954,0.01418,-0.04317,-0.003637,-0.001453,-0.002409,-0.0007803,0.006598
0.969731520461067,0.752280321693257,-0.216142730347955,-0.001827,0.000228,-0.0006363,0.1047,-0.1954,0.01418,-0.04317,-0.003637,-0.001453,-0.002409,-0.0007803,0.006598
0.988727328781592,0.739892651053004,-0.219882811786361,-0.001827,0.000228,-0.0006363,0.1047,-0.1954,0.01418,-0.04317,-0.003637,-0.001453,-0.002409,-0.0007803,0.006598
1.00732902893901,0.726885754899789,-0.223595825430698,-0.001827,0.000228,-0.0006363,0.1047,-0.1954,0.01418,-0.04317,-0.003637,-0.001453,-0.002409,-0.0007803,0.006598
1.02552555991545,0.713279672316484,-0.227281683415564,-0.001827,0.000228,-0.0006363,0.1047,-0.1954,0.01418,-0.04317,-0.003637,-0.001453,-0.002409,-0.0007803,0.006598
1.04330642626449,0.699094223192183,-0.230940310044292,-0.001827,0.000228,-0.0006363,0.1047,-0.1954,0.01418,-0.04317,-0.003637,-0.001453,-0.002409,-0.0007803,0.006598
1.06066167688918,0.684349007221791,-0.234571639825904,-0.001827,0.000228,-0.0006363,0.1047,-0.1954,0.01418,-0.04317,-0.003637,-0.001453,-0.002409,-0.0007803,0.006598
1.07758188434309,0.669063403473295,-0.238175615535415,-0.001827,0.000228,-0.0006363,0.1047,-0.1954,0.01418,-0.04317,-0.003637,-0.001453,-0.002409,-0.0007803,0.006598
1.0940581246577,0.653256570510109,-0.24175218629527,-0.001827,0.000228,-0.0006363,0.1047,-0.1954,0.01418,-0.04317,-0.003637,-0.001453,-0.002409,-0.0007803,0.006598
1.11008195769899,0.636947447055802,-0.245301305675782,-0.001827,0.000228,-0.0006363,0.1047,-0.1954,0.01418,-0.04317,-0.003637,-0.001453,-0.002409,-0.0007803,0.006598
1.12564540805728,0.620154753188283,-0.248822929812487,-0.001827,0.000228,-0.0006363,0.1047,-0.1954,0.01418,-0.04317,-0.003637,-0.001453,-0.002409,-0.0007803,0.006598
1.140740946474,0.602896992050428,-0.252317015538457,-0.001827,0.000228,-0.0006363,0.1047,-0.1954,0.01418,-0.04317,-0.003637,-0.001453,-0.002409,-0.0007803,0.006598
1.15536147180985,0.585192452063831,-0.255783518529608,-0.001827,0.000228,-0.0006363,0.1047,-0.1954,0.01418,-0.04317,-0.003637,-0.001453,-0.002409,-0.0007803,0.006598
1.16950029355898,0.567059209632249,-0.259222391461158,-0.001827,0.000228,-0.0006363,0.1047,-0.1954,0.01418,-0.04317,-0.003637,-0.001453,-0.002409,-0.0007803,0.006598
1.18315111491366,0.548515132321,-0.262633582173418,-0.001827,0.000228,-0.0006363,0.1047,-0.1954,0.01418,-0.04317,-0.003637,-0.001453,-0.002409,-0.0007803,0.006598
1.19630801638474,0.529577882498378,-0.266017031845139,-0.001827,0.000228,-0.0006363,0.1047,-0.1954,0.01418,-0.04317,-0.003637,-0.001453,-0.002409,-0.0007803,0.006598
1.20896543998273,0.510264921424878,-0.269372673172719,-0.001827,0.000228,-0.0006363,0.1047,-0.1954,0.01418,-0.04317,-0.003637,-0.001453,-0.002409,-0.0007803,0.006598
1.22111817396479,0.490593513775777,-0.272700428553563,-0.001827,0.000228,-0.0006363,0.1047,-0.1954,0.01418,-0.04317,-0.003637,-0.001453,-0.002409,-0.0007803,0.006598
1.23276133815297,0.470580732582363,-0.276000208271973,-0.001827,0.000228,-0.0006363,0.1047,-0.1954,0.01418,-0.04317,-0.003637,-0.001453,-0.002409,-0.0007803,0.006598
1.24389036982884,0.450243464576802,-0.27927190868595,-0.001827,0.000228,-0.0006363,0.1047,-0.1954,0.01418,-0.04317,-0.003637,-0.001453,-0.002409,-0.0007803,0.006598
1.25450101021001,0.429598415925435,-0.282515410413318,-0.001827,0.000228,-0.0006363,0.1047,-0.1954,0.01418,-0.04317,-0.003637,-0.001453,-0.002409,-0.0007803,0.006598
1.26458929151374,0.408662118334962,-0.285730576515606,-0.001827,0.000228,-0.0006363,0.1047,-0.1954,0.01418,-0.04317,-0.003637,-0.001453,-0.002409,-0.0007803,0.006598
1.27415152461288,0.387450935515749,-0.288917250678156,-0.001827,0.000228,-0.0006363,0.1047,-0.1954,0.01418,-0.04317,-0.003637,-0.001453,-0.002409,-0.0007803,0.006598
1.28318428728941,0.365981069986235,-0.292075255384918,-0.001827,0.000228,-0.0006363,0.1047,-0.1954,0.01418,-0.04317,-0.003637,-0.001453,-0.002409,-0.0007803,0.006598
1.29168441309052,0.344268570202134,-0.295204390086407,-0.001827,0.000228,-0.0006363,0.1047,-0.1954,0.01418,-0.04317,-0.003637,-0.001453,-0.002409,-0.0007803,0.006598
1.29964898079227,0.322329337993912,-0.298304429359336,-0.001827,0.000228,-0.0006363,0.1047,-0.1954,0.01418,-0.04317,-0.003637,-0.001453,-0.002409,-0.0007803,0.006598
1.3070753044756,0.300179136295761,-0.301375121056387,-0.001827,0.000228,-0.0006363,0.1047,-0.1954,0.01418,-0.04317,-0.003637,-0.001453,-0.002409,-0.0007803,0.006598
1.31396092421919,0.277833597149051,-0.304416184444636,-0.001827,0.000228,-0.0006363,0.1047,-0.1954,0.01418,-0.04317,-0.003637,-0.001453,-0.002409,-0.0007803,0.006598
1.32030359741378,0.255308229963058,-0.307427308331105,-0.001827,0.000228,-0.0006363,0.1047,-0.1954,0.01418,-0.04317,-0.003637,-0.001453,-0.002409,-0.0007803,0.006598
1.32610129070194,0.232618430015493,-0.310408149173933,-0.001827,0.000228,-0.0006363,0.1047,-0.1954,0.01418,-0.04317,-0.003637,-0.001453,-0.002409,-0.0007803,0.006598
1.33135217254742,0.20977948717523,-0.313358329177625,-0.001827,0.000228,-0.0006363,0.1047,-0.1954,0.01418,-0.04317,-0.003637,-0.001453,-0.002409,-0.0007803,0.006598
1.33605460643766,0.186806594829371,-0.31627743437084,-0.001827,0.000228,-0.0006363,0.1047,-0.1954,0.01418,-0.04317,-0.003637,-0.001453,-0.002409,-0.0007803,0.006598
1.34020714472294,0.163714858996668,-0.319165012665148,-0.001827,0.000228,-0.0006363,0.1047,-0.1954,0.01418,-0.04317,-0.003637,-0.001453,-0.002409,-0.0007803,0.006598
1.34380852309536,0.140519307609133,-0.322020571893176,-0.001827,0.000228,-0.0006363,0.1047,-0.1954,0.01418,-0.04317,-0.003637,-0.001453,-0.002409,-0.0007803,0.006598
1.34685765571047,0.117234899943519,-0.324843577824525,-0.001827,0.000228,-0.0006363,0.1047,-0.1954,0.01418,-0.04317,-0.003637,-0.001453,-0.002409,-0.0007803,0.006598
1.34935363095407,0.093876536184244,-0.327633452157814,-0.001827,0.000228,-0.0006363,0.1047,-0.1954,0.01418,-0.04317,-0.003637,-0.001453,-0.002409,-0.0007803,0.006598
1.35129570785647,0.070459067099188,-0.330389570487182,-0.001827,0.000228,-0.0006363,0.1047,-0.1954,0.01418,-0.04317,-0.003637,-0.001453,-0.002409,-0.0007803,0.006598
1.35268331315609,0.046997303809712,-0.333111260241524,-0.001827,0.000228,-0.0006363,0.1047,-0.1954,0.01418,-0.04317,-0.003637,-0.001453,-0.002409,-0.0007803,0.006598
1.35351603901394,0.023506027636155,-0.335797798594723,-0.001827,0.000228,-0.0006363,0.1047,-0.1954,0.01418,-0.04317,-0.003637,-0.001453,-0.002409,-0.0007803,0.006598
1.35379364138022,0.000000000000000,-0.338448410345054,-0.001827,0.000228,-0.0006363,0.1047,-0.1954,0.01418,-0.04317,-0.003637,-0.001453,-0.002409,-0.0007803,0.006598
1.35351603901394,-0.023506027636155,-0.341062265761941,-0.001827,0.000228,-0.0006363,0.1047,-0.1954,0.01418,-0.04317,-0.003637,-0.001453,-0.002409,-0.0007803,0.006598
1.35268331315609,-0.046997303809711,-0.343638478398142,-0.001827,0.000228,-0.0006363,0.1047,-0.1954,0.01418,-0.04317,-0.003637,-0.001453,-0.002409,-0.0007803,0.006598
1.35129570785647,-0.070459067099187,-0.346176102865409,-0.001827,0.000228,-0.0006363,0.1047,-0.1954,0.01418,-0.04317,-0.003637,-0.001453,-0.002409,-0.0007803,0.006598
1.34935363095407,-0.093876536184244,-0.348674132571619,-0.001827,0.000228,-0.0006363,0.1047,-0.1954,0.01418,-0.04317,-0.003637,-0.001453,-0.002409,-0.0007803,0.006598
1.34685765571047,-0.117234899943519,-0.351131497417261,-0.001827,0.000228,-0.0006363,0.1047,-0.1954,0.01418,-0.04317,-0.003637,-0.001453,-0.002409,-0.0007803,0.006598
1.34380852309536,-0.140519307609132,-0.353547061449151,-0.001827,0.000228,-0.0006363,0.1047,-0.1954,0.01418,-0.04317,-0.003637,-0.001453,-0.002409,-0.0007803,0.006598
1.34020714472294,-0.163714858996668,-0.355919620469125,-0.001827,0.000228,-0.0006363,0.1047,-0.1954,0.01418,-0.04317,-0.003637,-0.001453,-0.002409,-0.0007803,0.006598
1.33605460643766,-0.186806594829371,-0.358247899595407,-0.001827,0.000228,-0.0006363,0.1047,-0.1954,0.01418,-0.04317,-0.003637,-0.001453,-0.002409,-0.0007803,0.006598
1.33135217254742,-0.20977948717523,-0.360530550774257,-0.001827,0.000228,-0.0006363,0.1047,-0.1954,0.01418,-0.04317,-0.003637,-0.001453,-0.002409,-0.0007803,0.006598
1.32610129070194,-0.232618430015493,-0.362766150239416,-0.001827,0.000228,-0.0006363,0.1047,-0.1954,0.01418,-0.04317,-0.003637,-0.001453,-0.002409,-0.0007803,0.006598
1.32030359741378,-0.255308229963057,-0.364953195916755,-0.001827,0.000228,-0.0006363,0.1047,-0.1954,0.01418,-0.04317,-0.003637,-0.001453,-0.002409,-0.0007803,0.006598
1.31396092421919,-0.277833597149051,-0.367090104771472,-0.001827,0.000228,-0.0006363,0.1047,-0.1954,0.01418,-0.04317,-0.003637,-0.001453,-0.002409,-0.0007803,0.006598
1.3070753044756,-0.30017913629576,-0.36917521009503,-0.001827,0.000228,-0.0006363,0.1047,-0.1954,0.01418,-0.04317,-0.003637,-0.001453,-0.002409,-0.0007803,0.006598
1.29964898079227,-0.322329337993912,-0.371206758728949,-0.001827,0.000228,-0.0006363,0.1047,-0.1954,0.01418,-0.04317,-0.003637,-0.001453,-0.002409,-0.0007803,0.006598
1.29168441309052,-0.344268570202134,-0.373182908222439,-0.001827,0.000228,-0.0006363,0.1047,-0.1954,0.01418,-0.04317,-0.003637,-0.001453,-0.002409,-0.0007803,0.006598
1.28318428728941,-0.365981069986235,-0.375101723920732,-0.001827,0.000228,-0.0006363,0.1047,-0.1954,0.01418,-0.04317,-0.003637,-0.001453,-0.002409,-0.0007803,0.006598
1.27415152461288,-0.387450935515749,-0.376961175980847,-0.001827,0.000228,-0.0006363,0.1047,-0.1954,0.01418,-0.04317,-0.003637,-0.001453,-0.002409,-0.0007803,0.006598
1.26458929151374,-0.408662118334962,-0.378759136311384,-0.001827,0.000228,-0.0006363,0.1047,-0.1954,0.01418,-0.04317,-0.003637,-0.001453,-0.002409,-0.0007803,0.006598
1.25450101021001,-0.429598415925435,-0.3804933754328,-0.001827,0.000228,-0.0006363,0.1047,-0.1954,0.01418,-0.04317,-0.003637,-0.001453,-0.002409,-0.0007803,0.006598
1.24389036982884,-0.450243464576802,-0.382161559254458,-0.001827,0.000228,-0.0006363,0.1047,-0.1954,0.01418,-0.04317,-0.003637,-0.001453,-0.002409,-0.0007803,0.006598
1.23276133815297,-0.470580732582363,-0.383761245764616,-0.001827,0.000228,-0.0006363,0.1047,-0.1954,0.01418,-0.04317,-0.003637,-0.001453,-0.002409,-0.0007803,0.006598
1.22111817396479,-0.490593513775777,-0.385289881629297,-0.001827,0.000228,-0.0006363,0.1047,-0.1954,0.01418,-0.04317,-0.003637,-0.001453,-0.002409,-0.0007803,0.006598
1.20896543998273,-0.510264921424877,-0.38674479869588,-0.001827,0.000228,-0.0006363,0.1047,-0.1954,0.01418,-0.04317,-0.003637,-0.001453,-0.002409,-0.0007803,0.006598
1.19630801638474,-0.529577882498378,-0.388123210397007,-0.001827,0.000228,-0.0006363,0.1047,-0.1954,0.01418,-0.04317,-0.003637,-0.001453,-0.002409,-0.0007803,0.006598
1.18315111491366,-0.548515132321,-0.38942220805024,-0.001827,0.000228,-0.0006363,0.1047,-0.1954,0.01418,-0.04317,-0.003637,-0.001453,-0.002409,-0.0007803,0.006598
1.16950029355898,-0.567059209632249,-0.390638757048709,-0.001827,0.000228,-0.0006363,0.1047,-0.1954,0.01418,-0.04317,-0.003637,-0.001453,-0.002409,-0.0007803,0.006598
1.15536147180985,-0.585192452063831,-0.391769692937754,-0.001827,0.000228,-0.0006363,0.1047,-0.1954,0.01418,-0.04317,-0.003637,-0.001453,-0.002409,-0.0007803,0.006598
1.140740946474,-0.602896992050428,-0.392811717372371,-0.001827,0.000228,-0.0006363,0.1047,-0.1954,0.01418,-0.04317,-0.003637,-0.001453,-0.002409,-0.0007803,0.006598
1.12564540805728,-0.620154753188283,-0.393761393950033,-0.001827,0.000228,-0.0006363,0.1047,-0.1954,0.01418,-0.04317,-0.003637,-0.001453,-0.002409,-0.0007803,0.006598
1.11008195769899,-0.6369474470558,-0.394615143913214,-0.001827,0.000228,-0.0006363,0.1047,-0.1954,0.01418,-0.04317,-0.003637,-0.001453,-0.002409,-0.0007803,0.006598
1.0940581246577,-0.653256570510108,-0.395369241715691,-0.001827,0.000228,-0.0006363,0.1047,-0.1954,0.01418,-0.04317,-0.003637,-0.001453,-0.002409,-0.0007803,0.006598
1.07758188434309,-0.669063403473292,-0.396019810446458,-0.001827,0.000228,-0.0006363,0.1047,-0.1954,0.01418,-0.04317,-0.003637,-0.001453,-0.002409,-0.0007803,0.006598
1.06066167688918,-0.684349007221784,-0.396562817104776,-0.001827,0.000228,-0.0006363,0.1047,-0.1954,0.01418,-0.04317,-0.003637,-0.001453,-0.002409,-0.0007803,0.006598
1.04330642626449,-0.699094223192163,-0.396994067719635,-0.001827,0.000228,-0.0006363,0.1047,-0.1954,0.01418,-0.04317,-0.003637,-0.001453,-0.002409,-0.0007803,0.006598
1.02552555991545,-0.713279672316439,-0.397309202306577,-0.001827,0.000228,-0.0006363,0.1047,-0.1954,0.01418,-0.04317,-0.003637,-0.001453,-0.002409,-0.0007803,0.006598
1.00732902893903,-0.726885754899685,-0.397503689654528,-0.001827,0.000228,-0.0006363,0.1047,-0.1954,0.01418,-0.04317,-0.003637,-0.001453,-0.002409,-0.0007803,0.006598
0.98872732878162,-0.739892651052759,-0.397572821934978,-0.001827,0.000228,-0.0006363,0.1047,-0.1954,0.01418,-0.04317,-0.003637,-0.001453,-0.002409,-0.0007803,0.006598
0.969731520461133,-0.752280321692688,-0.397511709125466,-0.001827,0.000228,-0.0006363,0.1047,-0.1954,0.01418,-0.04317,-0.003637,-0.001453,-0.002409,-0.0007803,0.006598
0.95035325230989,-0.764028510123183,-0.397315273239036,-0.001827,0.000228,-0.0006363,0.1047,-0.1954,0.01418,-0.04317,-0.003637,-0.001453,-0.002409,-0.0007803,0.006598
0.930604782236514,-0.775116744207701,-0.396978242350895,-0.001827,0.000228,-0.0006363,0.1047,-0.1954,0.01418,-0.04317,-0.003637,-0.001453,-0.002409,-0.0007803,0.006598
0.910499000505391,-0.785524339147401,-0.396495144413181,-0.001827,0.000228,-0.0006363,0.1047,-0.1954,0.01418,-0.04317,-0.003637,-0.001453,-0.002409,-0.0007803,0.006598
0.890049453032957,-0.795230400876339,-0.395860300848313,-0.001827,0.000228,-0.0006363,0.1047,-0.1954,0.01418,-0.04317,-0.003637,-0.001453,-0.002409,-0.0007803,0.006598
0.869270365200717,-0.804213830086303,-0.395067819910987,-0.001827,0.000228,-0.0006363,0.1047,-0.1954,0.01418,-0.04317,-0.003637,-0.001453,-0.002409,-0.0007803,0.006598
0.848176666185546,-0.812453326893759,-0.394111589808474,-0.001827,0.000228,-0.0006363,0.1047,-0.1954,0.01418,-0.04317,-0.003637,-0.001453,-0.002409,-0.0007803,0.006598
0.826784013808564,-0.819927396161505,-0.392985271568395,-0.001827,0.000228,-0.0006363,0.1047,-0.1954,0.01418,-0.04317,-0.003637,-0.001453,-0.002409,-0.0007803,0.006598
0.805108819904684,-0.826614353487852,-0.391682291642719,-0.001827,0.000228,-0.0006363,0.1047,-0.1954,0.01418,-0.04317,-0.003637,-0.001453,-0.002409,-0.0007803,0.006598
0.783168276215701,-0.832492331876376,-0.390195834236221,-0.001827,0.000228,-0.0006363,0.1047,-0.1954,0.01418,-0.04317,-0.003637,-0.001453,-0.002409,-0.0007803,0.006598
0.760980380810683,-0.837539289099607,-0.388518833347153,-0.001827,0.000228,-0.0006363,0.1047,-0.1954,0.01418,-0.04317,-0.003637,-0.001453,-0.002409,-0.0007803,0.006598
0.738563965038354,-0.841733015770435,-0.386643964507374,-0.001827,0.000228,-0.0006363,0.1047,-0.1954,0.01418,-0.04317,-0.003637,-0.001453,-0.002409,-0.0007803,0.006598
0.71593872101705,-0.845051144135446,-0.384563636208639,-0.001827,0.000228,-0.0006363,0.1047,-0.1954,0.01418,-0.04317,-0.003637,-0.001453,-0.002409,-0.0007803,0.006598
0.693125229668879,-0.847471157605001,-0.382269981001196,-0.001827,0.000228,-0.0006363,0.1047,-0.1954,0.01418,-0.04317,-0.003637,-0.001453,-0.002409,-0.0007803,0.006598
0.670144989305714,-0.848970401035468,-0.379754846250299,-0.001827,0.000228,-0.0006363,0.1047,-0.1954,0.01418,-0.04317,-0.003637,-0.001453,-0.002409,-0.0007803,0.006598
0.647020444775725,-0.849526091779801,-0.377009784535624,-0.001827,0.000228,-0.0006363,0.1047,-0.1954,0.01418,-0.04317,-0.003637,-0.001453,-0.002409,-0.0007803,0.006598
0.623775017180253,-0.849115331523501,-0.374026043678023,-0.001827,0.000228,-0.0006363,0.1047,-0.1954,0.01418,-0.04317,-0.003637,-0.001453,-0.002409,-0.0007803,0.006598
0.600433134171954,-0.847715118923957,-0.370794556377386,-0.001827,0.000228,-0.0006363,0.1047,-0.1954,0.01418,-0.04317,-0.003637,-0.001453,-0.002409,-0.0007803,0.006598
0.577020260846328,-0.845302363072261,-0.367305929444806,-0.001827,0.000228,-0.0006363,0.1047,-0.1954,0.01418,-0.04317,-0.003637,-0.001453,-0.002409,-0.0007803,0.006598
0.553562931239891,-0.841853897797831,-0.363550432611557,-0.001827,0.000228,-0.0006363,0.1047,-0.1954,0.01418,-0.04317,-0.003637,-0.001453,-0.002409,-0.0007803,0.006598
0.530088780449465,-0.837346496837519,-0.359517986896767,-0.001827,0.000228,-0.0006363,0.1047,-0.1954,0.01418,-0.04317,-0.003637,-0.001453,-0.002409,-0.0007803,0.006598
0.506626577388274,-0.831756889892448,-0.355198152515006,-0.001827,0.000228,-0.0006363,0.1047,-0.1954,0.01418,-0.04317,-0.003637,-0.001453,-0.002409,-0.0007803,0.006598
0.483206258195733,-0.825061779597475,-0.350580116304322,-0.001827,0.000228,-0.0006363,0.1047,-0.1954,0.01418,-0.04317,-0.003637,-0.001453,-0.002409,-0.0007803,0.006598
0.459858960319035,-0.817237859430075,-0.3456526786546,-0.001827,0.000228,-0.0006363,0.1047,-0.1954,0.01418,-0.04317,-0.003637,-0.001453,-0.002409,-0.0007803,0.006598
0.436617057285822,-0.808261832587496,-0.340404239915437,-0.001827,0.000228,-0.0006363,0.1047,-0.1954,0.01418,-0.04317,-0.003637,-0.001453,-0.002409,-0.0007803,0.006598
0.413514194188407,-0.798110431863314,-0.334822786262045,-0.001827,0.000228,-0.0006363,0.1047,-0.1954,0.01418,-0.04317,-0.003637,-0.001453,-0.002409,-0.0007803,0.006598
0.390585323901133,-0.786760440556982,-0.32889587499703,-0.001827,0.000228,-0.0006363,0.1047,-0.1954,0.01418,-0.04317,-0.003637,-0.001453,-0.002409,-0.0007803,0.006598
0.367866744053543,-0.774188714452737,-0.322610619265238,-0.001827,0.000228,-0.0006363,0.1047,-0.1954,0.01418,-0.04317,-0.003637,-0.001453,-0.002409,-0.0007803,0.006598
0.345396134783028,-0.760372204907162,-0.315953672158207,-0.001827,0.000228,-0.0006363,0.1047,-0.1954,0.01418,-0.04317,-0.003637,-0.001453,-0.002409,-0.0007803,0.006598
0.323212597291564,-0.745287983087998,-0.308911210184166,-0.001827,0.000228,-0.0006363,0.1047,-0.1954,0.01418,-0.04317,-0.003637,-0.001453,-0.002409,-0.0007803,0.006598
0.30135669323196,-0.728913265410295,-0.301468916078895,-0.001827,0.000228,-0.0006363,0.1047,-0.1954,0.01418,-0.04317,-0.003637,-0.001453,-0.002409,-0.0007803,0.006598
0.279870484949707,-0.711225440219892,-0.29361196093227,-0.001827,0.000228,-0.0006363,0.1047,-0.1954,0.01418,-0.04317,-0.003637,-0.001453,-0.002409,-0.0007803,0.006598
0.258797576607067,-0.692202095778366,-0.285324985604763,-0.001827,0.000228,-0.0006363,0.1047,-0.1954,0.01418,-0.04317,-0.003637,-0.001453,-0.002409,-0.0007803,0.006598
0.238183156216381,-0.671821049608121,-0.276592081407759,-0.001827,0.000228,-0.0006363,0.1047,-0.1954,0.01418,-0.04317,-0.003637,-0.001453,-0.002409,-0.0007803,0.006598
0.218074038609675,-0.650060379261257,-0.267396770021193,-0.001827,0.000228,-0.0006363,0.1047,-0.1954,0.01418,-0.04317,-0.003637,-0.001453,-0.002409,-0.0007803,0.006598
0.198518709371522,-0.626898454581109,-0.257721982621734,-0.001827,0.000228,-0.0006363,0.1047,-0.1954,0.01418,-0.04317,-0.003637,-0.001453,-0.002409,-0.0007803,0.006598
0.179567369761674,-0.602313971531135,-0.247550038194567,-0.001827,0.000228,-0.0006363,0.1047,-0.1954,0.01418,-0.04317,-0.003637,-0.001453,-0.002409,-0.0007803,0.006598
0.161271982653157,-0.576285987672053,-0.23686262100182,-0.001827,0.000228,-0.0006363,0.1047,-0.1954,0.01418,-0.04317,-0.003637,-0.001453,-0.002409,-0.0007803,0.006598
0.14368631951037,-0.548793959374763,-0.225640757180763,-0.001827,0.000228,-0.0006363,0.1047,-0.1954,0.01418,-0.04317,-0.003637,-0.001453,-0.002409,-0.0007803,0.006598
0.126866008430007,-0.519817780863881,-0.213864790445219,-0.001827,0.000228,-0.0006363,0.1047,-0.1954,0.01418,-0.04317,-0.003637,-0.001453,-0.002409,-0.0007803,0.006598
0.110868583265467,-0.4893378251944,-0.20151435686411,-0.001827,0.000228,-0.0006363,0.1047,-0.1954,0.01418,-0.04317,-0.003637,-0.001453,-0.002409,-0.0007803,0.006598
0.095753533852562,-0.457334987272398,-0.188568358691799,-0.001827,0.000228,-0.0006363,0.1047,-0.1954,0.01418,-0.04317,-0.003637,-0.001453,-0.002409,-0.0007803,0.006598
0.08158235735086,-0.423790729039655,-0.175004937225883,-0.001827,0.000228,-0.0006363,0.1047,-0.1954,0.01418,-0.04317,-0.003637,-0.001453,-0.002409,-0.0007803,0.006598
0.068418610710649,-0.388687126951656,-0.160801444669417,-0.001827,0.000228,-0.0006363,0.1047,-0.1954,0.01418,-0.04317,-0.003637,-0.001453,-0.002409,-0.0007803,0.006598
0.056327964270329,-0.352006921888788,-0.145934414976227,-0.001827,0.000228,-0.0006363,0.1047,-0.1954,0.01418,-0.04317,-0.003637,-0.001453,-0.002409,-0.0007803,0.006598
0.045378256482797,-0.313733571651573,-0.13037953366006,-0.001827,0.000228,-0.0006363,0.1047,-0.1954,0.01418,-0.04317,-0.003637,-0.001453,-0.002409,-0.0007803,0.006598
0.03563954976199,-0.2738513062026,-0.114111606550902,-0.001827,0.000228,-0.0006363,0.1047,-0.1954,0.01418,-0.04317,-0.003637,-0.001453,-0.002409,-0.0007803,0.006598
0.027184187432044,-0.232345185830409,-0.097104527484875,-0.001827,0.000228,-0.0006363,0.1047,-0.1954,0.01418,-0.04317,-0.003637,-0.001453,-0.002409,-0.0007803,0.006598
0.020086851751381,-0.189201162424085,-0.079331244917875,-0.001827,0.000228,-0.0006363,0.1047,-0.1954,0.01418,-0.04317,-0.003637,-0.001453,-0.002409,-0.0007803,0.006598
0.014424622972156,-0.144406144061629,-0.060763727457516,-0.001827,0.000228,-0.0006363,0.1047,-0.1954,0.01418,-0.04317,-0.003637,-0.001453,-0.002409,-0.0007803,0.006598
0.010277039381801,-0.097948063130452,-0.041372928313172,-0.001827,0.000228,-0.0006363,0.1047,-0.1954,0.01418,-0.04317,-0.003637,-0.001453,-0.002409,-0.0007803,0.006598
0.007726158257604,-0.049815948214533,-0.021128748670002,-0.001827,0.000228,-0.0006363,0.1047,-0.1954,0.01418,-0.04317,-0.003637,-0.001453,-0.002409,-0.0007803,0.006598
0.006856617647059,0.000000000000000,0.000000000000000,-0.001827,0.000228,-0.0006363,0.1047,-0.1954,0.01418,-0.04317,-0.003637,-0.001453,-0.002409,-0.0007803,0.006598
